<keymap version="1" name="Windows copy" parent="$default">
  <action id="CompareTwoFiles" />
  <action id="Diff.ShowDiff" />
  <action id="Diff.ShowSettingsPopup" />
  <action id="EditorDeleteLine">
    <keyboard-shortcut first-keystroke="ctrl d" />
  </action>
  <action id="EditorDuplicate">
    <keyboard-shortcut first-keystroke="shift ctrl d" />
  </action>
  <action id="FileChooser.GotoDesktop" />
  <action id="GuiDesigner.Duplicate" />
  <action id="RunDashboard.CopyConfiguration" />
  <action id="SendEOF" />
  <action id="XDebugger.CopyWatch" />
</keymap>